headphones;width;height;fov;fps;stereopsis;antialiasing;textures;lightMode;saturation;brightness;contrast;sharpness;shadowStrength;reflections;modelsDetail;dof;particles;locomotion;ambientSound;reverbZone;spatialSound;time;totalImmersion
1;1641.337;911.8539;37;60;1;1;1;0;-0.4502319;-0.6821911;-0.6520985;0.9175277;0.7553363;1;0;0;1;3;0;1;1;1196;80
1;1282.118;712.2877;39;55;1;1;1;1;-0.2345744;0.3916439;-0.3053723;0.7723895;0.4276939;1;1;1;1;1;1;1;0;1194;82
1;1795.531;997.5171;40;47;1;1;0;1;-0.5514379;-0.415188;0.08744591;0.2234764;0.4561614;1;0;0;0;1;1;1;0;1196;44
2;838.4885;465.827;44;48;0;0;1;0;-0.8326561;-0.08297837;-0.7041872;0.1656823;0.8064346;1;0;1;0;3;0;0;0;1197;77
2;1924.702;1069.279;85;35;1;1;1;1;-0.3762177;-0.5936156;0.5969183;0.2086251;0.01131606;1;0;0;0;2;1;0;1;600;66
2;2097.019;1165.011;88;22;1;0;0;0;0.9221594;0.3700441;-0.5104218;0.1319836;0.2733515;0;1;1;0;2;0;1;0;783;55
2;1530.505;850.2809;55;24;0;0;1;0;0.8307047;-0.4849947;0.2378137;0.8138883;0.5565899;0;1;1;1;3;0;0;0;587;66
2;1255.663;697.5906;67;30;0;0;1;0;0.1952628;-0.6566208;-0.1274495;0.4405244;0.7055248;1;0;1;0;1;0;1;1;805;60
2;860.4902;478.0501;79;49;0;1;0;1;-0.3142687;0.3230249;0.5995663;0.6380723;0.9203008;1;1;1;1;2;0;0;1;634;36
2;470.2238;261.2354;86;35;0;1;0;1;-0.6234372;0.2119961;0.08646095;0.1778409;0.5497267;1;0;1;1;3;1;0;1;1000;37
2;575.2302;319.5723;39;54;1;1;1;1;0.06402004;0.1045543;0.294343;0.2208728;0.3865314;0;1;1;1;3;1;0;0;1051;58
2;1195.389;664.1052;55;38;1;0;0;0;0.3756566;-0.6796851;0.1583854;0.0946486;0.1798428;0;0;1;1;2;1;0;1;690;50
2;1174.682;652.6013;76;44;0;0;1;0;0.7037091;0.2918602;0.009312153;0.5901131;0.3372533;0;0;0;0;3;1;0;1;1098;78
2;698.7938;388.2188;31;22;0;0;0;0;0.1201237;0.6615757;0.7102503;0.4631034;0.4371542;1;0;1;0;1;1;0;1;691;17
2;265.0482;147.249;40;26;1;0;0;0;0.6602774;-0.2398048;-0.7234444;0.9500426;0.1709924;0;0;1;0;2;1;0;0;538;38
2;1818.093;1010.051;31;48;0;0;0;0;-0.8049169;-0.5006166;0.3973732;0.539522;0.8981328;1;1;1;1;1;0;0;0;604;46
2;286.8294;159.3497;35;60;0;0;1;1;0.9683626;0.3282875;-0.6954017;0.3212932;0.5177154;1;1;0;1;2;0;0;0;799;26
2;460.0563;255.5868;57;17;1;0;0;0;0.9281712;0.1281152;-0.6384823;0.7854761;0.4343483;0;0;1;0;2;1;0;0;693;20
2;808.2635;449.0353;84;18;1;1;1;0;-0.2336339;-0.1984399;0.4855343;0.559429;0.04648316;1;0;1;1;1;1;0;1;759;66
2;1092.292;606.8286;39;28;1;0;0;1;-0.802892;-0.04621917;-0.2273858;0.4738166;0.8522887;1;1;1;0;3;1;0;1;806;77
2;941.0895;522.8275;62;23;0;0;1;0;0.5331886;-0.6762821;0.3706396;0.7935871;0.6018968;0;1;0;1;2;0;0;0;939;69
2;2150.587;1194.771;66;19;0;0;1;0;-0.6908059;0.4144703;-0.4104521;0.3380246;0.2652052;1;1;0;0;2;1;0;1;616;62
2;1787.954;993.3079;92;48;0;0;1;1;-0.9302487;-0.7779829;0.2762764;0.09117162;0.6640813;0;1;0;0;3;0;1;0;596;93
1;840.1172;466.7318;71;26;1;1;1;1;0.1009699;0.6881143;0.7570687;0.3877569;0.7217019;0;0;0;0;1;0;0;1;768;31
1;921.6544;512.0302;89;57;1;1;0;0;-0.5513473;0.7981277;-0.359472;0.6319128;0.2901275;1;1;1;1;2;0;1;1;580;27
1;258.0887;143.3826;77;38;1;1;0;0;-0.1282104;-0.5302857;0.5823591;0.07335138;0.6991119;1;0;1;1;2;0;0;1;851;30
1;217.8672;121.0373;33;25;0;1;1;0;0.4004187;-0.2429008;-0.6826176;0.5509742;0.6583406;1;0;1;0;3;0;0;1;1032;58
1;664.8164;369.3424;54;52;0;1;0;1;-0.6477356;0.5526796;0.5104011;0.5902155;0.1665167;1;1;1;1;1;1;1;0;487;32
1;1900.627;1055.904;64;19;0;1;0;0;-0.803726;0.7815524;-0.3559027;0.783635;0.2400106;0;0;1;0;2;1;1;1;739;16
1;1648.255;915.697;90;19;0;1;1;1;-0.1008047;0.2313776;0.4018503;0.4938664;0.8999679;1;0;1;1;2;1;0;1;567;43
1;924.8784;513.8213;86;46;0;1;0;1;0.6041343;0.4783859;-0.4466236;0.0193851;0.08574593;0;1;0;0;3;0;0;1;791;58
1;1666.321;925.7336;98;29;0;0;0;0;0.843473;-0.2768727;0.6965656;0.8188906;0.1579126;1;0;1;1;2;1;1;1;720;40
1;839.8505;466.5836;45;22;1;0;0;0;0.4018099;-0.09660596;0.4369751;0.09404159;0.4162959;0;0;0;1;3;1;0;0;727;57
1;1893.677;1052.043;46;59;0;0;0;0;0.8182456;-0.0457021;-0.164086;0.8429639;0.7279181;1;1;1;0;2;1;0;1;887;37
1;1782.543;990.3015;83;32;0;1;1;0;-0.07164943;0.4885664;0.2121933;0.9949384;0.8871834;0;0;1;1;2;0;0;0;1069;43
1;771.5367;428.6315;47;48;0;1;0;1;-0.2386774;-0.06951702;0.08637267;0.990413;0.8055757;0;1;1;1;1;1;0;1;440;32
1;582.4536;323.5854;84;15;1;0;1;0;-0.6660347;0.06506699;0.6691027;0.1565833;0.07564807;1;1;1;0;1;0;1;0;902;44
1;1542.639;857.0215;79;34;1;0;0;1;-0.4294158;-0.6483906;-0.3522167;0.8502638;0.6820608;0;1;1;1;2;0;1;1;1001;47
1;1953.556;1085.309;59;26;0;0;1;0;-0.009766936;-0.270074;0.7075089;0.72054;0.7966384;0;1;1;0;1;0;1;1;711;45
1;1168.416;649.1198;45;22;1;1;0;0;0.1460277;-0.7339779;-0.4289737;0.06825602;0.1430138;1;0;0;0;3;1;0;1;774;58
1;1053.209;585.1162;59;60;0;0;1;0;0.1163558;0.5521789;0.06279802;0.4510643;0.8548676;0;1;0;1;2;1;0;0;948;32
1;1361.911;756.6174;62;18;1;0;1;1;0.1354493;0.1996911;-0.6603741;0.3826906;0.9395601;0;1;1;0;2;1;0;0;588;23
1;1313.201;729.5562;86;34;1;1;0;0;0.1491979;0.3900497;-0.6435034;0.04733622;0.1022676;1;1;0;0;1;0;0;1;729;35
1;889.885;494.3806;71;25;1;0;1;0;0.03455913;0.2636118;-0.4509783;0.9569914;0.01968193;0;0;0;1;2;1;0;0;597;58
1;1999.876;1111.042;50;57;1;0;1;1;-0.9031029;0.289291;-0.328189;0.128541;0.7682894;1;1;0;0;2;0;1;1;972;72
1;225.069;125.0384;89;31;1;0;1;0;0.08537638;0.3521566;-0.1645812;0.4280779;0.8681918;1;0;1;1;1;0;1;0;1058;27
1;891.5537;495.3076;33;15;0;1;1;1;-0.2925559;0.6533895;0.5151213;0.5244359;0.6210257;1;0;1;0;2;0;0;1;341;65
1;578.3494;321.3052;96;21;0;0;0;1;-0.9303858;0.01431876;-0.01510918;0.384735;0.125528;1;1;1;0;1;1;0;1;292;29
1;1456.344;809.0801;85;18;0;1;0;1;0.6290548;0.368852;-0.4512463;0.3459616;0.8244084;1;1;0;1;2;0;0;1;1151;35
1;265.1235;147.2908;86;55;1;0;1;1;0.7030962;-0.5614638;0.6837255;0.3572864;0.8079382;0;1;1;0;1;1;1;0;487;34
1;1810.307;1005.726;73;32;1;1;1;0;-0.1726609;0.7932283;0.5016138;0.8189721;0.9248102;0;0;0;0;2;0;1;1;844;71
1;1138.572;632.54;45;23;1;1;1;1;-0.05073011;-0.4690819;-0.6714044;0.7997468;0.3091264;1;0;1;1;3;1;1;0;1068;76
1;1531.85;851.0278;36;31;0;1;1;0;-0.7814901;0.2477083;0.05170238;0.7703828;0.5201541;1;0;1;0;2;0;0;0;904;59
1;1198.628;665.9042;63;45;0;1;0;0;-0.6768839;0.1974009;0.06985366;0.2782963;0.2516479;0;0;1;1;2;1;1;1;601;59
1;807.6406;448.6892;57;19;1;1;0;0;-0.2213303;-0.1154096;-0.1989051;0.8062725;0.1419201;1;1;1;1;1;0;0;0;881;27
1;1952.994;1084.997;97;27;0;0;1;1;-0.3590158;-0.1722558;0.4130383;0.5806761;0.5845777;1;1;1;1;2;0;1;0;673;74
1;765.7714;425.4285;84;23;1;0;0;1;-0.07753336;-0.6209486;-0.09775722;0.03985059;0.488072;0;0;0;0;2;1;1;1;915;46
1;2089.657;1160.921;76;57;1;1;0;1;-0.1136354;0.4624374;0.588501;0.4988595;0.5823222;0;0;1;1;3;0;0;1;1112;82
1;1061.632;589.7958;85;57;1;0;1;1;-0.7069373;0.514595;0.0504697;0.6294879;0.7467548;0;0;1;0;2;0;1;0;1047;42
0;1293.315;718.5084;83;24;0;0;1;0;0.6419992;0.4676309;-0.01337636;0.7870784;0.4599988;1;0;0;1;3;1;1;0;325;37
0;1567.903;871.0573;55;39;0;1;1;1;0.4597842;-0.7736256;0.1968721;0.3837735;0.6368327;1;1;1;1;2;0;1;0;726;40
0;378.982;210.5455;93;26;1;0;0;0;-0.7071967;-0.7059044;-0.2859355;0.1424918;0.9236068;1;1;0;1;1;1;0;1;311;18
0;2065.488;1147.493;94;41;0;1;0;1;0.8590605;0.05907983;-0.1752807;0.7039701;0.1759546;1;1;1;1;2;1;1;1;1185;32
0;1407.276;781.8203;90;47;1;0;0;0;-0.2733666;0.3419552;0.3765242;0.03421211;0.4415292;0;1;0;1;2;0;1;0;667;25
0;731.1163;406.1757;39;42;1;0;0;0;-0.995295;0.006103039;-0.3410615;0.08309865;0.5095052;0;0;1;1;2;0;0;0;938;35
0;753.8392;418.7995;46;29;1;0;0;0;-0.3074762;-0.4618605;-0.0120185;0.8924929;0.6773273;0;1;1;0;2;0;0;1;524;56
0;326.51;181.3945;72;49;1;0;1;1;0.9513268;-0.08459443;0.06389153;0.8194686;0.02068341;1;1;1;1;3;1;0;1;767;74
0;663.6848;368.7137;89;23;1;0;1;1;-0.1160892;-0.5800198;-0.6219849;0.0916332;0.2106888;0;1;0;0;2;1;0;1;1144;40
0;1545.269;858.4828;58;24;0;0;0;1;-0.008345723;0.068735;0.7200058;0.4171824;0.67216;0;1;1;1;1;1;0;1;1183;35
0;1716.541;953.6337;77;37;1;1;1;0;-0.3425726;0.7567305;0.7258881;0.6877927;0.4918236;1;1;0;1;3;1;0;0;1050;65
0;1765.174;980.6522;97;20;0;0;0;1;0.6233504;0.4515484;-0.1221682;0.7481083;0.9076465;0;1;0;1;2;1;1;1;545;26
0;1363.378;757.4324;36;38;1;0;1;0;0.6104188;0.007134318;-0.1212159;0.4576864;0.6502943;1;1;1;1;2;1;1;1;988;29
1;972.9508;540.5283;37;27;1;1;1;1;-0.00063622;-0.4730168;-0.1029989;0.5972609;0.5982565;0;0;1;0;2;1;0;0;1136;69
1;2013.195;1118.442;73;25;0;1;0;0;-0.9703691;-0.5682569;0.5576634;0.7435815;0.4033534;0;0;0;0;1;1;1;1;904;54
1;1353.592;751.9958;37;41;1;0;1;0;0.655201;0.6987181;0.6097626;0.8548683;0.456402;1;1;1;1;2;1;0;0;921;71
1;922.7317;512.6287;74;60;1;1;0;0;0.4319327;-0.7604752;0.3817406;0.3346664;0.5648164;1;1;1;1;2;0;1;1;882;25
1;814.2175;452.343;47;24;0;1;0;0;-0.8685822;-0.002766311;0.5571761;0.6889807;0.1692361;0;1;1;1;3;1;0;1;461;38
1;2155.181;1197.323;65;60;1;0;0;1;-0.8272295;-0.7705118;-0.6249567;0.4090073;0.2446072;1;1;1;0;2;0;1;0;1059;27
1;1584.5;880.2778;36;21;0;0;0;0;0.07345283;-0.4487625;-0.05136096;0.9257939;0.5305911;1;0;0;1;2;0;0;0;1135;8
1;1251.042;695.0234;43;52;1;0;0;0;0.7963064;0.03849685;0.5844665;0.4009654;0.4921966;1;0;0;1;2;0;1;1;689;23
1;2002.036;1112.242;43;41;1;1;0;1;0.5190909;0.1074041;-0.0327903;0.08226418;0.9749266;0;0;0;1;2;0;1;1;745;33
1;761.2791;422.9328;44;21;1;1;1;0;-0.2800735;-0.6863533;0.07795209;0.4341298;0.05107927;1;0;0;1;2;1;0;0;1174;59
1;940.6362;522.5756;79;42;1;0;0;1;-0.3859149;-0.7617167;0.4298828;0.8076158;0.8602647;0;0;0;0;2;0;0;0;1062;29
1;1753.403;974.113;44;58;0;1;0;0;-0.153309;0.266897;-0.5715461;0.6152479;0.6462737;0;1;0;0;2;1;0;0;1141;36
1;2105.818;1169.899;76;52;0;1;0;1;0.09758699;-0.3552223;0.520026;0.4409971;0.7977577;1;1;1;1;2;1;0;1;806;38
1;500.3515;277.9731;71;39;0;0;0;0;-0.4047824;-0.7190966;0.009562016;0.5302458;0.476152;0;0;0;0;3;0;1;0;899;47
2;1824.323;1013.513;99;52;0;0;0;0;-0.7036471;-0.5402325;0.7697895;0.860101;0.1279151;0;0;0;1;1;0;0;0;1117;34
2;1377.136;765.0755;52;41;1;0;1;0;0.1573733;-0.3721338;-0.2092458;0.05964029;0.850239;1;0;0;0;3;1;0;1;1143;73
2;1827.044;1015.024;87;28;0;0;1;1;-0.5708735;0.3234015;-0.2373189;0.7333782;0.8431407;0;1;1;0;2;0;1;1;924;53
2;2148.283;1193.491;53;16;0;0;0;0;0.4331217;0.01952869;0.437677;0.3737336;0.6204836;1;0;1;0;3;1;0;0;1145;38
2;1613.973;896.6518;75;51;1;0;0;1;-0.566268;0.2946565;0.1484219;0.6024725;0.8823922;1;1;0;1;2;0;1;1;710;58
2;2054.252;1141.251;74;30;0;1;1;1;0.8461623;0.2385872;0.5448269;0.637851;0.1754835;1;0;1;0;1;1;1;1;618;48
2;849.9962;472.2201;94;40;0;0;0;0;0.5071795;0.07727289;0.6302353;0.5000883;0.1033361;1;0;0;0;2;1;1;0;787;19
2;528.3699;293.5388;37;16;0;0;0;1;-0.8286271;0.4487217;0.1321948;0.3549576;0.5511689;1;1;0;0;3;0;0;1;560;18
2;357.7173;198.7318;59;31;0;1;0;1;0.1367739;0.4506437;-0.5431123;0.4214337;0.9748045;0;0;1;1;3;1;1;1;784;20
2;384.2569;213.476;99;19;1;0;1;1;0.7942781;-0.7632772;0.453809;0.6067762;0.8177881;1;0;1;0;2;0;1;1;874;35
2;713.2012;396.2229;38;24;1;1;0;0;-0.3352767;0.6080725;-0.4141783;0.5626543;0.7538321;0;1;0;0;1;1;1;0;1154;27
2;2041.246;1134.026;56;42;0;1;0;1;0.8082106;0.7406151;0.1297539;0.9814095;0.9010404;0;1;0;1;2;1;1;1;779;40
2;2023.198;1123.999;42;38;0;0;1;1;0.8344781;-0.1395684;-0.5056335;0.1676991;0.7465441;0;0;1;0;2;0;1;0;711;60
2;1433.905;796.6138;82;21;1;1;1;0;-0.1980072;0.4001213;0.782922;0.7370318;0.5304185;1;1;0;1;2;0;1;0;924;72
2;1539.517;855.2873;45;27;0;1;1;1;0.1453708;0.05435801;-0.457707;0.5366347;0.6782238;0;0;1;1;2;0;0;0;1131;46
2;1171.615;650.8975;41;38;1;1;1;0;-0.05220854;0.7295962;-0.1419873;0.6517206;0.9043623;0;1;0;1;3;0;0;1;1058;95
2;985.0536;547.252;58;40;1;1;0;1;0.3401863;0.3323625;0.3348198;0.6435099;0.8754277;1;1;0;1;3;0;1;1;662;44
2;1923.475;1068.597;69;29;0;1;0;0;-0.4574596;-0.2170337;-0.4553623;0.4628283;0.2478254;0;1;0;0;3;0;0;0;836;38
2;1026.973;570.5406;64;29;1;0;0;0;-0.2172016;-0.6866091;-0.2280229;0.817968;0.310343;0;0;0;0;2;1;1;0;1030;40
2;846.6728;470.3738;40;22;0;0;0;1;-0.6778526;0.2896732;-0.285101;0.2918069;0.1225624;0;1;1;0;2;0;1;0;1045;31
2;1554.058;863.3655;53;44;0;0;0;0;0.0319134;-0.5324247;0.4546015;0.3647401;0.8657165;0;1;0;1;2;1;1;0;1138;33
2;286.6695;159.2608;81;59;0;0;1;1;0.1293148;-0.1585517;-0.01410913;0.2870061;0.6524947;1;1;1;0;2;1;1;1;635;66
2;1714.976;952.7645;47;56;1;1;1;0;-0.5430303;0.4171743;0.618753;0.8239038;0.2291039;1;0;1;1;1;1;1;1;603;62
2;523.0182;290.5657;49;49;1;1;1;0;0.2272297;0.6601618;0.4084032;0.8417037;0.9559555;0;1;0;0;3;1;0;1;1008;78
2;948.9379;527.1877;48;20;0;1;0;1;-0.4093465;0.2417984;-0.1913615;0.4918247;0.3971583;0;1;1;1;1;0;0;0;887;31
2;1622.267;901.2595;96;21;0;0;1;1;-0.2387339;0.3652544;0.02283925;0.3384718;0.9431874;1;0;1;0;1;0;1;1;938;40
2;1896.376;1053.542;91;56;0;1;0;0;0.2147564;0.4688268;-0.3956237;0.4237171;0.5756982;0;1;0;0;2;0;0;1;1071;41
2;1003.877;557.7094;83;38;1;0;0;1;0.2008728;0.4740402;-0.1888543;0.9293126;0.7455699;1;1;1;0;3;1;1;1;860;58
1;1090.587;605.8819;46;43;0;1;0;0;0.8373539;-0.1724132;-0.1208014;0.1006291;0.3321323;0;1;1;1;2;0;0;1;408;28
1;420.4389;233.5772;92;52;0;0;0;1;-0.4431552;-0.05298626;0.299707;0.6759447;0.8301846;0;0;0;1;2;0;0;1;868;32
1;225.9471;125.5262;82;47;0;0;0;1;-0.330278;-0.02883995;-0.3037891;0.3760676;0.04241073;1;1;1;0;1;0;1;0;711;15
1;1221.993;678.8852;39;40;1;0;0;1;0.2439951;-0.4764339;0.306826;0.8096856;0.3586776;0;1;0;0;2;1;1;0;536;63
1;343.9005;191.0558;86;46;1;0;1;1;-0.9596889;0.3559194;-0.752974;0.2867737;0.5130304;1;1;1;1;2;0;0;0;850;41
1;1896.509;1053.616;41;45;1;1;0;0;0.34062;0.6984869;0.2271087;0.7288928;0.2618375;1;1;1;0;3;1;0;0;860;53
1;1118.735;621.5193;98;16;0;1;0;0;0.793648;0.3550407;-0.4207895;0.9385254;0.3150952;1;0;0;1;1;1;1;1;1078;11
1;2109.411;1171.895;67;52;1;1;0;1;0.9217408;0.5514734;-0.1283938;0.4774781;0.6019995;0;0;1;0;1;0;1;0;920;63
1;482.0645;267.8136;60;50;0;0;1;1;-0.7883978;-0.1244518;0.7927757;0.3536201;0.9550687;0;0;0;1;3;1;1;1;603;62
1;1509.456;838.5865;95;31;1;1;1;1;-0.5250609;-0.2914649;-0.627582;0.8719828;0.5929071;0;0;0;1;2;0;1;0;1122;58
1;1354.925;752.7358;87;16;1;1;0;0;-0.4663526;-0.2067191;0.1963605;0.3002372;0.7068186;0;1;0;1;1;1;1;0;995;9
1;1170.39;650.2166;77;34;1;0;0;1;0.4588828;0.1877515;-0.3521032;0.6859796;0.1141723;1;0;0;0;1;0;1;1;950;31
1;276.0963;153.3868;54;58;1;1;1;1;0.3845994;0.4962106;0.4437029;0.2448586;0.2291613;1;0;1;1;2;1;0;0;1074;56
1;1640.635;911.4642;89;22;0;0;0;0;-0.6822584;0.1185098;0.3160372;0.3212289;0.4175922;0;1;1;1;3;1;1;1;753;53
1;886.4202;492.4557;31;41;1;1;0;1;-0.7155993;0.7958661;-0.2600936;0.2647319;0.5207095;1;1;0;0;2;0;1;1;575;35
2;619.7681;344.3156;51;33;1;0;0;1;0.2772617;-0.2785827;-0.2197814;0.2236328;0.3869845;1;0;1;0;2;1;0;1;685;69
2;244.0777;135.5987;49;43;1;1;0;1;-0.1555482;-0.2188586;-0.6403572;0.2310598;0.8442658;0;1;0;0;3;0;1;1;887;41
2;388.9868;216.1038;92;43;1;0;1;0;0.8062553;0.64534;-0.4776842;0.6610225;0.580126;1;1;0;1;1;0;0;1;1109;68
2;2086.68;1159.267;55;35;1;0;0;1;-0.1518067;-0.6234991;0.4959486;0.1737034;0.8858161;0;1;1;1;3;1;0;0;851;70
2;393.6128;218.6738;67;40;0;0;0;0;-0.5013485;-0.1525704;-0.7781863;0.6548759;0.938542;1;1;0;1;2;1;0;1;530;54
2;1971.231;1095.128;65;55;0;0;0;1;0.3427109;-0.2604291;-0.6036535;0.8749834;0.269335;0;0;1;0;2;0;0;0;855;58
2;1231.436;684.1311;37;58;0;1;1;1;-0.5942321;0.3814457;0.2285509;0.5289889;0.03744376;0;1;0;1;1;0;1;1;586;39
2;216.4104;120.228;54;58;1;1;0;1;-0.5233378;-0.1211308;-0.08657104;0.6670245;0.03485489;0;0;1;0;2;0;0;0;668;37
2;794.323;441.2906;71;50;0;0;1;1;0.3490116;-0.5136237;0.08249581;0.3258027;0.3337335;1;1;0;1;1;1;0;0;698;58
2;1913.196;1062.887;81;54;0;0;1;1;0.9343538;0.302536;-0.2359483;0.3895001;0.1255156;1;1;1;1;2;0;0;1;1096;64
2;1774.742;985.9678;94;37;1;1;1;0;0.1672992;-0.7379877;0.3268957;0.6974319;0.6968409;0;0;0;0;3;1;0;1;1132;77
2;1119.315;621.8417;68;17;1;0;1;1;-0.7373104;-0.1310239;0.3065775;0.1987748;0.117627;1;0;0;0;2;1;0;0;634;28
2;310.2132;172.3407;94;17;1;0;1;0;0.2075461;-0.04374951;-0.4169894;0.8229822;0.8476276;0;1;0;1;2;0;1;0;888;17
2;1110.3;616.8336;42;40;1;1;0;1;-0.9879456;0.4654293;-0.5069719;0.6062296;0.687289;1;0;0;0;1;0;1;0;905;21
2;1485.328;825.182;82;42;0;0;1;0;-0.04927862;-0.6995813;-0.539892;0.9466088;0.6400766;0;0;1;0;1;1;1;0;1140;56
2;1219.841;677.6896;35;39;0;0;0;0;-0.6595337;0.08278686;-0.5394564;0.0477798;0.8558713;1;1;1;0;2;0;1;1;1134;38
0;253.1975;140.6653;90;17;1;1;0;0;0.4327979;-0.3420705;-0.5142038;0.2295313;0.4897904;1;0;0;0;1;0;0;1;817;12
0;312.6482;173.6934;88;59;1;1;0;0;-0.9049149;-0.4025221;-0.1121632;0.1608651;0.7939943;1;1;1;0;2;0;1;1;1070;36
0;1960.506;1089.17;76;53;1;1;1;1;-0.4845663;-0.132665;0.7696748;0.1566927;0.951969;1;1;1;1;2;1;0;0;807;64
0;1197.829;665.4603;73;55;1;0;0;0;-0.1247326;-0.1294574;0.318259;0.8125494;0.2424061;1;0;0;0;2;0;1;0;834;43
0;1674.563;930.3128;95;53;1;1;0;1;-0.01141894;0.2229313;0.4613979;0.08086729;0.5687618;0;1;0;0;3;0;1;0;687;59
0;1299.546;721.9699;58;32;0;0;1;0;0.08048999;-0.2407458;0.6359649;0.6239418;0.2810093;1;0;0;0;1;1;0;1;674;38
0;811.0118;450.5621;86;56;1;1;1;0;-0.6196921;-0.1152488;0.3321916;0.6101637;0.8035755;0;1;1;1;2;1;1;0;644;56
0;770.0844;427.8246;94;26;0;1;1;0;0.8754814;0.4571607;-0.1017264;0.273831;0.1549246;0;0;0;1;3;1;1;1;468;40
0;325.6056;180.892;62;30;1;0;0;0;-0.009500623;0.7480919;0.0175088;0.5595093;0.09266901;0;0;0;0;3;0;0;0;627;17
0;1932.546;1073.637;71;26;1;0;0;1;0.3201866;0.1076356;0.1598121;0.03561556;0.6732789;0;1;0;1;2;0;1;0;1138;38
0;1931.337;1072.965;55;36;1;1;0;0;-0.1951531;-0.5546282;-0.7739683;0.2579792;0.6825213;1;0;1;0;2;0;0;1;786;32
0;1490.418;828.0099;83;48;0;1;1;0;0.9106929;0.167946;0.68239;0.4038427;0.3442933;1;1;1;0;1;0;1;1;906;39
0;1987.274;1104.041;30;19;0;0;1;1;0.2455868;0.05097991;-0.7692854;0.6759069;0.4516161;0;1;0;1;2;0;1;0;1056;45
0;1930.997;1072.776;81;19;1;0;0;1;0.6152081;-0.5306093;0.7090099;0.168228;0.8815628;0;1;1;1;2;0;0;1;658;31
1;1576.82;876.0112;72;42;0;1;1;0;-0.1445702;0.2998047;0.6108107;0.9775391;0.4930788;1;0;1;1;3;0;0;1;709;63
1;1175.912;653.2847;57;27;1;0;1;1;0.637969;0.1204387;0.2255323;0.01644433;0.3934948;0;1;0;0;2;1;0;1;1035;50
1;1677.237;931.7982;44;33;1;0;0;0;-0.0254885;-0.03969795;0.5633022;0.7504361;0.1463491;1;1;0;0;2;0;1;1;891;29
1;1140.075;633.3751;52;33;1;1;1;1;-0.7451019;-0.6008373;0.256928;0.2616178;0.7712559;0;1;0;1;1;1;0;0;956;76
1;288.586;160.3256;53;33;0;0;1;0;-0.6616924;0.4031496;0.3143541;0.6216682;0.6849375;1;0;1;0;3;1;1;0;1130;39
1;709.9167;394.3982;90;35;1;1;0;1;0.3115279;-0.5749771;-0.5731413;0.273977;0.63788;0;1;0;1;3;0;0;1;679;47
1;633.1784;351.7658;49;20;0;1;1;0;0.7281084;-0.05709809;-0.1063369;0.2339045;0.775599;0;1;1;0;1;0;0;1;488;33
1;1469.087;816.1593;48;56;1;0;1;1;0.479655;0.1359874;-0.1193233;0.9308029;0.04309809;1;0;0;1;2;1;0;1;946;56
1;296.3705;164.6503;89;44;1;0;1;0;-0.9023538;-0.6880438;0.1529447;0.02354789;0.8320276;0;0;0;1;2;1;1;1;1151;33
1;1483.611;824.2281;40;16;0;0;1;1;0.889576;0.7973863;-0.5080431;0.240456;0.9790076;1;0;0;1;2;1;1;1;765;30
1;535.0789;297.2661;61;47;1;1;0;0;0.3027568;0.6995974;0.004017711;0.5079177;0.5378867;1;0;0;1;3;0;1;1;1074;39
1;1003.861;557.7007;67;60;0;0;1;0;-0.3853189;0.1010814;-0.304203;0.4206669;0.6750157;0;0;1;1;2;1;0;1;1065;59
1;693.2665;385.1481;54;42;0;0;1;1;0.3482539;-0.1561435;0.1511025;0.6681771;0.2193085;0;1;1;1;2;0;0;0;685;41
1;959.244;532.9133;81;41;1;0;1;0;0.7839301;-0.5312924;-0.5508377;0.2135589;0.4810049;1;0;0;0;2;0;1;1;607;56
1;1027.298;570.721;53;52;0;1;0;1;-0.5948429;0.1264571;0.5873438;0.1726741;0.7763516;0;1;0;1;2;0;1;1;775;29
1;980.6035;544.7797;91;15;0;1;1;1;-0.1084555;-0.09959364;0.6312655;0.6826793;0.2634156;0;1;1;0;1;0;0;0;952;40
1;2136.205;1186.78;88;53;0;0;1;1;-0.4386619;0.1980966;0.2114683;0.1065279;0.2554695;0;1;1;1;1;0;0;0;1034;38
1;926.7499;514.8611;32;25;0;1;1;1;-0.4002994;0.5648062;0.5459627;0.4016734;0.3699577;0;1;1;0;2;1;1;0;878;50
1;546.8264;303.7924;72;18;1;1;0;1;-0.2179853;0.7127419;0.08246738;0.3594678;0.14755;0;1;0;0;1;1;0;0;1041;9
0;975.0139;541.6744;45;60;1;1;1;1;0.8103082;0.6006789;-0.3388879;0.6312325;0.8412799;0;1;1;1;2;1;1;1;1146;24
0;287.0213;159.4563;38;24;1;0;0;1;0.735028;-0.6374981;-0.4086642;0.1931536;0.7187575;1;1;0;1;2;1;0;1;663;17
0;1715.258;952.9209;96;34;1;1;1;1;-0.3878342;-0.5169573;0.2420593;0.2697993;0.3846425;0;1;1;1;2;0;0;0;1023;59
0;1888.644;1049.247;78;15;1;1;0;1;-0.5235581;0.5335647;0.07631618;0.7856491;0.1731632;0;1;0;0;2;1;0;1;355;14
0;1864.052;1035.584;33;39;1;0;1;1;-0.3412582;0.488718;-0.1952571;0.2470829;0.7066;1;0;0;1;3;0;1;0;779;42
0;2131.444;1184.136;35;16;0;0;0;1;-0.4369584;0.05483979;0.08959419;0.3115937;0.6440928;0;0;1;1;2;0;0;1;731;30
0;1129.348;627.4155;53;50;0;0;1;0;0.9189641;-0.1962045;0.3889902;0.8957642;0.5114004;1;0;1;1;2;1;0;1;786;58
0;954.9512;530.5284;87;45;0;1;1;0;0.7606964;0.7104192;-0.720669;0.08650839;0.0884794;1;0;1;0;2;0;1;1;1170;30
0;331.001;183.8895;32;35;0;1;1;1;-0.101658;0.35061;-0.3868856;0.1419233;0.2611474;0;1;0;1;3;0;1;1;857;31
0;587.0461;326.1367;32;24;1;1;1;1;0.4308748;-0.4372452;-0.5559185;0.1740253;0.0590986;0;0;1;0;3;1;0;1;1164;41
0;656.5181;364.7323;71;39;1;1;0;0;0.8846164;0.7699828;0.4796789;0.6677036;0.01207471;1;1;1;1;1;1;0;1;650;16
0;772.9271;429.404;41;37;1;1;1;0;-0.309435;-0.4787475;-0.7042099;0.3920916;0.1098139;0;0;0;1;2;0;1;0;1093;39
0;1358.143;754.5239;68;53;1;0;0;0;0.2956004;-0.7005559;-0.7733003;0.5188342;0.06624711;0;1;1;0;2;1;1;1;594;14
0;826.1244;458.958;96;27;0;0;0;0;2.50E-06;-0.4749742;0.08095771;0.3157451;0.9683473;1;1;1;0;1;1;1;0;1107;13
0;463.5762;257.5424;71;32;0;0;0;1;0.4261431;0.2206373;0.4930345;0.7272807;0.8778826;0;0;1;0;2;1;1;1;771;34
0;378.4033;210.2241;81;21;0;0;0;0;0.1991256;0.2612344;-0.7569171;0.1929033;0.7490528;0;0;0;0;2;1;0;1;584;29
0;251.8467;139.9148;63;45;1;1;0;0;-0.1591071;0.3482832;0.2942308;0.7582628;0.8508409;1;1;1;1;3;0;1;1;767;15
0;2037.444;1131.913;36;44;1;1;0;0;-0.276817;-0.2303969;-0.2400747;0.5547004;0.1462977;1;1;1;1;2;0;0;0;652;28
0;1952.538;1084.744;47;55;1;0;1;1;-0.377066;0.628302;0.3097813;0.1423165;0.9493943;1;1;1;1;2;1;0;1;923;46
0;528.1539;293.4189;97;57;0;1;1;1;0.8490858;0.572073;-0.2326701;0.4346979;0.1131052;1;0;1;0;2;0;1;0;1176;43
0;332.6431;184.8017;88;60;0;0;0;1;0.5670137;-0.5643248;0.1604928;0.1194447;0.1188091;1;1;0;0;2;1;0;1;946;6
0;1239.041;688.3558;69;42;0;0;0;1;-0.5533133;-0.1368611;0.1764783;0.5157514;0.8560402;0;0;0;1;1;1;0;1;695;4
0;1779.358;988.5324;68;38;1;1;0;1;0.0167073;-0.4259476;-0.5134168;0.2328132;0.4204089;1;0;0;1;2;0;1;0;712;29
1;923.9861;513.3256;46;35;0;0;0;1;-0.02927959;0.08018601;-0.3659289;0.09508562;0.776565;1;1;0;1;1;1;0;0;328;52
1;1553.165;862.8692;91;28;0;0;1;1;0.288511;-0.5461803;-0.4246927;0.5171399;0.3051677;0;0;1;1;2;0;1;0;700;56
1;955.7085;530.9492;92;51;1;0;0;1;0.5437999;-0.3894754;0.6673107;0.7920702;0.5919436;1;0;0;1;3;0;0;0;1077;53
1;1246.153;692.3075;88;31;1;0;0;1;0.6747079;-0.2459417;-0.2725352;0.6246306;0.6296583;0;0;1;0;2;0;0;0;1004;55
1;902.5193;501.3996;40;32;1;1;1;0;0.7414901;-0.6008236;-0.07621014;0.09778512;0.7746003;0;0;1;0;2;1;1;1;934;65
1;585.9624;325.5347;66;33;0;1;1;0;-0.9561083;-0.68854;0.123882;0.3733506;0.1135532;1;0;0;0;3;1;1;0;1146;46
1;467.3761;259.6534;88;41;1;0;0;1;-0.467697;-0.7853795;0.4415731;0.915184;0.3594255;1;1;0;1;1;0;1;1;324;32
1;1207.679;670.9327;82;59;0;0;1;1;0.3711414;0.3055557;-0.7635229;0.9545091;0.7195165;0;1;0;1;2;1;1;0;622;58
1;2077.292;1154.051;33;49;1;1;0;1;0.6541736;-0.7805563;-0.203406;0.09224308;0.4633291;0;1;1;1;2;1;1;0;902;48
1;321.929;178.8494;40;26;1;1;1;0;-0.6511703;0.3555191;0.6503212;0.000601888;0.7190619;0;0;0;1;2;0;0;1;963;43
1;511.5639;284.2022;34;34;1;0;0;0;-0.4378852;-0.7716517;-0.7893048;0.8471497;0.7101276;1;1;0;1;2;1;0;1;825;23
1;1674.252;930.1398;83;25;1;1;0;0;-0.3821365;0.6037794;-0.2347766;0.6530733;0.6326803;1;1;1;0;1;0;0;0;699;16
1;1465.004;813.891;65;50;0;1;0;0;-0.3626968;0.3721249;-0.6688771;0.673944;0.4994131;1;1;1;0;3;1;1;1;950;42
1;2007.602;1115.334;71;46;1;1;0;0;-0.4151424;0.6816158;0.4044073;0.5944541;0.2018676;1;1;1;0;2;1;1;0;944;37
1;1579.586;877.5477;61;19;1;0;0;1;-0.6888862;0.006064892;0.6242365;0.3593658;0.4024281;0;0;0;0;2;1;1;1;1166;16
1;1970.505;1094.725;42;51;0;0;1;1;0.9717038;0.07351637;0.7579036;0.2088885;0.9594952;1;1;0;1;3;1;0;1;875;94
1;1658.101;921.1675;86;17;1;0;1;1;-0.8808563;0.7545666;-0.7358629;0.5639799;0.2730166;1;0;0;1;2;0;1;0;497;13
1;1456.693;809.2741;81;24;1;0;1;1;0.3124351;0.6217884;0.487505;0.5538351;0.6435194;0;1;1;1;3;0;0;0;881;72
1;487.7642;270.9801;34;25;0;0;0;1;0.6576176;-0.3402535;-0.7331272;0.3752162;0.8627908;0;0;0;0;2;1;1;1;713;39
1;1264.651;702.5837;58;20;0;1;0;0;0.51367;-0.2500013;-0.7736493;0.577429;0.5083923;1;1;0;0;3;1;1;0;575;10
1;2129.738;1183.188;35;55;1;1;1;1;-0.3363003;-0.4686732;0.7201605;0.5518629;0.4710496;1;0;0;0;2;1;0;0;1079;75
1;1463.98;813.3222;60;40;0;0;1;0;-0.07337415;0.5135157;-0.6929033;0.4356526;0.9405762;1;0;1;0;2;1;0;1;657;57
1;1192.117;662.287;97;58;1;0;1;1;-0.02001035;-0.4960461;-0.1719214;0.6631044;0.4924099;0;0;0;0;2;0;1;1;933;62
1;1721.975;956.6529;80;47;1;0;1;1;-0.9016266;-0.7349251;0.4889255;0.4632545;0.2837514;1;1;0;0;2;0;0;0;590;61
1;1719.259;955.144;40;51;1;1;1;1;-0.7746305;-0.6069563;-0.6551238;0.6885639;0.254653;0;0;1;0;2;1;1;0;1136;44
1;1561.001;867.223;81;48;0;0;1;1;-0.4133583;-0.3290132;-0.2814656;0.7610829;0.9907085;1;1;1;0;3;0;1;0;691;81
0;1389.742;772.079;50;52;0;1;1;0;-0.1516339;0.1010574;-0.05233657;0.7636678;0.09805918;1;1;0;0;2;1;1;1;669;41
0;753.8591;418.8106;82;56;1;0;0;1;-0.4513713;-0.221008;0.5918167;0.1523547;0.5005921;0;0;0;1;3;0;1;0;655;18
0;1912.713;1062.619;81;33;0;0;0;1;-0.4599811;0.5403278;-0.09631777;0.8803145;0.2984793;1;1;1;0;3;1;1;1;590;38
0;1711.567;950.8705;62;41;1;0;0;1;-0.8095174;0.347517;0.511099;0.6965299;0.995785;0;0;1;1;3;0;0;1;801;43
0;1171.677;650.9319;82;21;0;1;0;0;-0.08997858;-0.2081647;0.08157015;0.8208855;0.3682837;1;0;1;0;2;1;0;1;675;42
0;656.9335;364.963;91;35;0;0;1;0;0.9701788;0.4177063;-0.05883551;0.3937922;0.4763344;0;1;0;0;3;0;1;1;730;49
0;1337.058;742.8102;54;32;1;0;1;1;0.7538581;-0.5870371;-0.03683978;0.2111576;0.6103192;1;0;0;1;1;1;0;1;1079;65
0;2071.686;1150.936;34;30;0;0;1;1;0.6915936;0.1361423;0.3202335;0.5576398;0.013978;1;0;1;1;3;0;1;1;837;49
0;777.3611;431.8673;56;59;1;1;1;1;0.5571902;-0.4469227;-0.05652416;0.0210439;0.5015354;0;0;1;1;1;1;1;0;830;38
0;762.2454;423.4697;98;16;0;1;0;0;0.9672506;-0.4462166;-0.4931398;0.1951889;0.06024528;1;0;1;0;2;1;1;0;821;33
0;1479.69;822.0498;91;59;0;0;1;1;0.8000722;0.464572;-0.431114;0.6187741;0.4202288;0;0;0;0;1;1;1;0;580;43
0;982.2456;545.692;61;38;1;0;1;0;0.1498245;0.5494852;0.382456;0.01743424;0.1334964;0;0;0;1;2;0;0;1;591;44
0;1112.958;618.3102;97;27;1;1;1;1;-0.5671191;0.669879;0.6772923;0.1519108;0.8626065;1;0;0;0;3;1;1;0;1129;54
0;508.57;282.5389;51;23;0;0;1;1;-0.3595284;-0.4332458;-0.3945836;0.6932459;0.6749147;1;0;1;0;2;0;1;1;840;41
0;255.3601;141.8667;43;21;1;1;0;0;-0.985234;-0.265488;0.5366096;0.1523165;0.5933545;1;1;0;0;3;1;0;1;781;12
0;693.8336;385.4631;43;35;1;1;0;1;0.05550969;-0.3027694;-0.2746352;0.2507209;0.6246788;1;0;0;0;1;0;1;0;915;18
0;1951.615;1084.231;95;55;0;0;0;1;0.2175111;-0.1433837;-0.002901733;0.8590701;0.09070337;1;0;0;1;2;0;0;1;906;32
2;625.5003;347.5002;61;49;0;1;0;1;-0.7482646;0.1663795;-0.5764833;0.5561273;0.6110851;0;0;1;1;2;1;0;1;779;59
2;1122.252;623.4734;93;38;1;1;1;0;0.08247626;-0.2487695;-0.5414948;0.2926149;0.9851811;0;0;1;1;1;0;0;1;1102;81
2;950.9232;528.2906;47;26;1;0;1;0;-0.2632653;0.6476013;0.512682;0.6057029;0.9366386;0;1;1;1;1;1;1;0;527;53
2;280.5415;155.8564;74;51;1;0;0;1;0.339957;0.0235917;0.2478681;0.5817444;0.04443121;1;1;0;1;2;0;1;0;824;32
2;2127.223;1181.791;57;23;1;0;0;1;-0.568917;0.2344791;0.5982518;0.8096342;0.1088275;1;0;0;0;1;0;1;0;769;39
2;1543.411;857.4506;36;38;0;1;0;0;-0.6274436;-0.3113521;-0.5648745;0.1649628;0.1426064;0;1;0;1;2;1;0;0;742;40
2;2000.342;1111.301;94;27;0;0;0;0;-0.2906262;-0.2335716;-0.3021813;0.2781501;0.9486524;1;0;0;1;3;0;1;1;1025;68
2;683.176;379.5422;37;42;1;0;0;0;0.633347;0.3811584;-0.3800386;0.2136891;0.3199119;1;0;1;1;3;1;0;0;1170;49
2;830.6909;461.4949;71;30;1;0;1;0;0.3524687;0.5135614;0.7827662;0.5505425;0.269959;1;0;0;1;3;0;0;1;800;67
2;1648.968;916.0931;44;21;0;0;1;1;-0.4269863;-0.2567727;0.3934646;0.2891125;0.6402366;1;0;1;0;2;1;1;0;892;59
2;793.7279;440.96;42;22;0;0;0;1;-0.06808031;0.5343592;0.7227316;0.7009212;0.7975658;1;0;1;0;2;1;0;0;662;55
2;1227.107;681.7263;60;43;1;0;0;1;0.4139178;0.5301176;0.3840361;0.5254732;0.329007;1;1;0;0;2;0;1;1;1093;71
2;874.8084;486.0047;39;31;0;1;1;0;-0.5114059;0.6797318;-0.3877011;0.4730065;0.8549767;1;0;0;0;3;0;0;1;790;62
2;1721.364;956.3134;68;51;1;0;1;1;0.1123084;-0.2282063;0.3091987;0.8173517;0.3907956;0;1;0;0;2;1;1;0;649;73
2;2046.592;1136.995;85;21;0;1;0;1;0.1790682;-0.442404;0.5919699;0.1585582;0.4455025;0;0;1;1;1;1;0;0;563;37
2;1573.013;873.8961;59;46;0;1;1;0;0.4574685;-0.1572725;0.147663;0.7164552;0.8694906;0;0;1;1;2;0;0;1;498;50
2;1868.205;1037.891;44;23;1;1;0;1;0.8775275;-0.6303282;-0.2796287;0.3514751;0.4931757;1;0;0;1;3;1;0;0;966;43
2;503.9572;279.9762;60;52;1;1;0;0;-0.05533564;0.00807941;0.568207;0.9043617;0.5129121;0;1;0;1;2;0;0;1;1012;36
2;1176.95;653.8609;34;36;1;0;0;1;-0.1651727;-0.4946484;-0.3855972;0.7611045;0.3801517;0;1;1;0;1;1;1;0;1083;34
1;780.7438;433.7466;66;32;0;0;0;0;0.2653637;-0.1904443;-0.6121948;0.2610733;0.3258608;1;1;1;1;2;0;1;0;708;29
1;2001.442;1111.912;38;48;1;1;1;1;0.4331627;-0.4071441;-0.02292049;0.03659415;0.910035;1;0;1;1;1;1;1;1;758;40
1;1014.059;563.3661;82;19;1;1;1;1;-0.465643;-0.1112944;0.7841225;0.5987692;0.6219935;0;0;1;1;2;1;0;0;980;42
1;1817.105;1009.503;50;41;1;1;0;1;-0.1205677;-0.7301062;0.01674241;0.7372391;0.9142709;1;1;1;1;2;1;1;0;1125;39
1;1388.947;771.6371;41;38;0;0;0;1;-0.5448186;0.5835544;-0.1619132;0.3138809;0.01612151;1;1;1;0;1;1;1;0;671;26
1;1449.627;805.3485;42;35;1;0;0;0;0.5729346;-0.2723819;0.2607149;0.5981947;0.2518174;0;0;1;0;2;0;0;1;659;35
1;879.4033;488.5574;42;52;1;1;0;1;-0.7944069;-0.779633;0.1018189;0.3101797;0.7715698;1;0;0;1;1;1;1;0;963;41
1;414.834;230.4633;31;60;1;0;1;0;-0.7549541;-0.1362252;-0.6343859;0.04758406;0.02701855;1;0;0;0;3;0;0;1;843;10
1;1676.812;931.5623;56;23;1;0;0;0;-0.8426292;0.506649;-0.6350258;0.8800567;0.6508003;1;1;1;0;2;0;1;1;936;20
1;1515.394;841.8856;73;50;0;1;1;0;0.8569944;0.3464246;-0.7442942;0.2033548;0.05137181;0;1;1;0;2;1;1;0;660;46
1;307.0096;170.5609;97;15;0;1;0;0;-0.2499861;-0.1966519;0.3121355;0.3747621;0.7036663;0;0;0;1;2;0;0;1;287;9
1;1825.051;1013.917;61;48;1;1;1;0;-0.4114827;-0.5351395;-0.7624306;0.02897167;0.5028345;1;0;1;0;2;0;0;1;785;57
1;983.4224;546.3458;79;35;1;1;0;0;0.8773882;0.2836181;0.3531864;0.1429394;0.6966159;1;0;0;1;2;0;0;1;963;28
1;2027.859;1126.588;76;29;0;1;0;1;-0.1590945;-0.5759451;-0.6947563;0.1229526;0.7727914;0;0;1;1;2;0;1;1;780;68
1;2008.682;1115.934;37;15;1;1;0;1;-0.7521386;-0.3932315;0.179911;0.5873687;0.08742535;0;0;1;0;3;0;0;1;453;38
1;2002.78;1112.656;55;42;0;0;0;0;-0.8524668;-0.1871241;0.08835649;0.3704051;0.5268645;0;1;1;1;3;0;1;0;666;56
1;1140.875;633.8193;91;54;1;1;0;0;-0.5929682;-0.4650378;-0.7444949;0.5722138;0.1852522;1;0;1;1;1;0;1;1;1110;40
1;598.521;332.5117;30;26;0;1;1;0;0.1799301;0.7289764;-0.5555685;0.1844567;0.6799718;0;0;1;1;1;0;0;0;1112;24
1;1608.011;893.3393;87;15;1;0;1;1;0.04138148;-0.362124;-0.4938217;0.8431486;0.9442153;0;1;0;0;2;1;0;0;554;33
1;1283.71;713.1721;44;35;1;1;0;0;0.6761887;-0.5106117;0.06813443;0.9664651;0.2445529;1;1;1;0;1;1;0;1;653;22
1;290.3192;161.2885;46;29;1;1;0;1;0.9336762;0.2842392;-0.7494619;0.5471471;0.3902575;1;1;0;0;3;1;0;0;1118;20
1;1154.097;641.1652;51;60;1;0;1;1;-0.4389156;0.06999844;0.0364213;0.9781164;0.5882269;1;1;0;0;3;1;0;0;1098;77
1;986.5215;548.0675;47;27;1;0;0;0;-0.3595616;-0.1171052;0.3308958;0.5113791;0.7525316;0;0;1;0;1;1;0;1;776;25
1;877.6876;487.6042;94;45;1;1;1;0;-0.6655269;0.0852378;-0.4201784;0.3327039;0.4033855;0;1;1;1;3;1;0;1;796;80
1;2155.729;1197.627;88;17;1;1;1;1;0.6181171;-0.307389;0.7547598;0.8422219;0.03175581;1;0;1;1;2;0;1;0;714;30
1;1546.132;858.9624;51;37;1;1;1;0;-0.1439701;0.7793589;-0.05871665;0.4287695;0.9554094;0;1;1;1;1;1;0;0;1074;59
1;1394.558;774.7543;55;29;0;1;1;1;-0.4352232;-0.5515428;0.1787721;0.9446743;0.1966854;1;1;0;0;3;1;1;0;887;80
1;883.2819;490.7122;51;22;1;0;1;0;0.1176699;-0.7754541;0.5866341;0.3707666;0.5050523;0;0;1;0;2;1;0;1;967;57
0;1330.213;739.0071;50;21;0;1;1;0;0.2517347;0.1048478;0.1268155;0.9298648;0.6754314;1;1;1;0;1;0;0;0;683;28
0;1274.027;707.7928;46;53;1;1;1;1;0.3975193;0.09976947;0.2074554;0.956547;0.9329488;1;1;0;0;2;0;0;0;615;52
0;639.4625;355.257;55;40;1;1;0;1;0.2740724;-0.7766321;0.1751979;0.7028643;0.9126917;1;0;1;1;2;0;1;0;753;22
0;1498.931;832.7392;88;26;1;1;0;0;0.6709332;-0.6535216;0.1683141;0.9960134;0.2772213;0;1;1;1;3;1;1;1;701;25
0;1650.925;917.1804;44;28;1;0;1;0;-0.9435482;0.3517881;-0.1410995;0.8500683;0.8669004;0;0;0;0;3;1;1;0;747;33
0;898.1329;498.9627;62;44;1;0;1;0;-0.2482234;-0.6171286;-0.7775503;0.5812919;0.4368007;1;1;1;0;1;0;1;1;693;36
2;393.5134;218.6186;73;24;1;0;0;1;0.9031403;0.2141232;-0.4007376;0.8241087;0.3380927;0;1;1;0;1;1;1;0;975;18
2;2068.535;1149.186;82;23;0;0;0;1;-0.7674227;0.7093288;0.1576732;0.3659403;0.4239385;1;1;1;1;1;0;0;1;1151;59
2;1365.302;758.5008;37;15;1;1;1;1;0.5429411;0.4250526;0.2162123;0.7862091;0.9941894;1;1;0;1;2;0;0;0;638;41
2;2024.873;1124.929;86;53;1;0;0;0;-0.3146921;0.07678384;-0.6656813;0.9226179;0.685524;1;1;1;0;2;1;0;0;736;33
2;386.9373;214.9651;53;52;0;0;1;0;0.6429615;-0.403784;-0.6887711;0.6829901;0.8762517;0;0;0;0;2;0;1;0;940;30
2;1410.26;783.478;96;45;0;1;1;1;-0.7721992;-0.564117;0.206167;0.5988532;0.7559348;0;1;0;1;2;0;1;0;1000;72
2;581.4877;323.0487;82;18;0;0;1;0;0.8572705;0.6644692;-0.00550127;0.281814;0.1633474;0;1;0;0;2;1;0;1;956;25
2;1597.735;887.6306;49;17;1;1;0;1;-0.9016995;-0.6630129;0.4782022;0.4008182;0.2822351;1;1;1;1;1;0;0;0;1050;25
2;1830.398;1016.888;87;32;1;1;1;0;-0.6468523;-0.575753;0.2363495;0.8200607;0.6364458;1;0;0;0;2;1;0;1;1134;72
2;656.3217;364.6231;88;46;0;1;1;0;-0.9138687;0.2256121;-0.3863704;0.7490329;0.01256609;0;1;1;0;1;0;1;1;781;31
2;1140.411;633.5615;66;55;0;1;1;1;0.3077693;0.08874863;0.1686456;0.8414308;0.8642938;1;0;1;1;1;0;1;0;882;34
2;1557.913;865.5072;78;48;1;0;1;0;0.002519488;0.1707433;0.1391482;0.2750059;0.2861978;1;0;1;0;2;0;1;1;808;55
2;326.0035;181.1131;70;58;0;1;0;1;-0.8768697;-0.743154;-0.4789414;0.7303959;0.02291286;0;1;1;1;2;0;0;1;471;19
2;794.1881;441.2156;37;35;1;1;0;1;0.9693537;-0.7602687;-0.6901974;0.09313715;0.8231792;1;0;1;1;1;0;1;0;679;14
2;374.038;207.7989;31;20;0;1;0;0;0.3300042;-0.6972514;-0.110189;0.1128802;0.8753498;0;1;1;0;1;0;1;1;907;15
2;2022.788;1123.771;58;60;1;0;1;1;0.3619117;-0.6957527;0.512561;0.1210784;0.1933545;0;1;1;0;1;1;0;1;963;82
2;1825.903;1014.39;68;15;1;0;1;0;0.05753362;0.3229631;0.02266777;0.3943518;0.2102594;1;1;1;1;2;1;0;1;740;36
1;1285.526;714.181;47;25;1;0;1;1;0.8371515;-0.6743174;-0.06139213;0.06758165;0.8730882;1;0;1;0;1;1;0;0;973;30
1;1628.685;904.8248;63;44;0;1;0;0;-0.01115954;0.7843537;-0.4529553;0.7495458;0.2270194;0;0;0;0;3;0;1;1;770;31
1;1202.086;667.8255;42;40;1;0;0;0;0.0070678;0.05161202;0.1597174;0.7426118;0.2794749;1;1;0;0;2;1;0;1;635;20
1;1570.405;872.4472;61;30;0;0;1;0;-0.4383701;-0.7165714;-0.5045387;0.1021048;0.01300764;0;0;1;1;2;1;1;0;635;42
1;625.0391;347.244;47;54;1;1;1;0;-0.107658;0.3386711;-0.454666;0.4675002;0.7071189;1;0;1;0;3;0;0;0;807;44
1;724.3702;402.4279;61;39;1;1;0;1;0.3958821;-0.3809543;0.5998215;0.7967932;0.5025832;1;0;0;0;2;0;1;1;1029;26
1;546.4866;303.6037;39;42;0;0;1;0;-0.4238054;-0.7772616;-0.3252541;0.08467984;0.3434595;0;0;0;0;2;0;1;0;880;34
1;234.2595;130.1442;63;15;0;0;1;1;0.2717855;0.4235769;0.223597;0.2575048;0.6142067;0;0;1;0;3;0;1;0;734;20
1;710.253;394.585;89;35;1;1;1;0;0.07369697;0.1507443;-0.7988935;0.4475268;0.8793625;1;1;0;1;1;1;0;0;787;39
1;1398.36;776.8669;31;41;0;0;1;1;0.04969919;0.1475131;-0.7825777;0.07448256;0.9355413;0;0;0;0;2;1;0;0;758;21
1;1240.06;688.9223;44;37;0;0;0;0;-0.4254009;-0.03460991;-0.6871762;0.1093421;0.9960327;1;1;0;1;2;1;1;1;695;9
1;2121.257;1178.476;75;30;1;1;0;0;0.1894194;-0.2531134;-0.7550827;0.4619426;0.7157005;1;1;0;0;1;0;0;1;760;10
1;1093.215;607.3419;83;36;1;1;0;0;-0.6073556;-0.7655489;0.5151722;0.8318917;0.08946049;0;1;1;0;3;0;0;1;761;35
1;2110.808;1172.671;79;56;1;1;1;1;-0.5079777;0.7427045;-0.2668811;0.650615;0.5474675;1;0;0;1;2;1;1;1;1039;59
1;1726.166;958.9808;51;50;1;1;1;0;-0.05971587;0.1976914;0.7082825;0.3126463;0.344248;0;0;0;0;3;1;0;1;1118;53
1;1614.24;896.8002;78;36;0;0;1;0;-0.3397168;-0.2786746;-0.7944513;0.3315139;0.0719614;1;0;1;0;3;0;0;1;700;35
1;1066.914;592.7302;85;23;0;1;0;1;0.5659561;0.4459425;0.2277012;0.1966846;0.5418527;1;1;1;0;1;1;1;1;733;24
1;1862.255;1034.586;38;41;1;0;1;1;0.09276497;-0.207595;-0.1654061;0.9466237;0.7233446;0;0;0;1;2;0;0;1;1143;54
1;1636.8;909.3331;85;28;0;0;0;0;0.5290065;0.07053596;-0.1222184;0.5224021;0.4241185;0;1;0;1;1;1;0;1;909;20
1;1343.326;746.292;86;15;0;1;1;1;0.9195497;-0.2499351;0.2956247;0.9419823;0.8149215;0;0;0;0;1;1;1;0;955;17
1;1234.034;685.5746;71;27;0;1;1;1;-0.3796293;-0.6606495;0.7750795;0.3828989;0.2423322;0;0;0;1;1;0;1;1;932;37
1;1713.494;951.9413;64;54;0;1;1;0;0.4944989;-0.2860107;-0.7912074;0.06108272;0.6007618;0;0;0;0;2;1;0;1;331;26
1;481.8918;267.7177;80;49;0;0;0;0;-0.4274219;-0.6081977;0.009043038;0.3083923;0.9041346;0;0;0;1;2;0;1;1;268;18
1;1999.97;1111.094;80;51;1;1;0;1;-0.04107726;-0.312704;0.7762396;0.3446707;0.7338127;0;1;0;1;2;0;0;0;868;41
1;1846.858;1026.032;97;37;0;1;1;1;0.7356122;0.6936364;-0.2008241;0.3916386;0.6706648;1;0;0;1;2;0;0;0;563;41
1;1039.369;577.427;58;43;0;0;0;1;-0.4630684;-0.6928986;-8.52E-05;0.8171601;0.0322516;1;0;0;1;2;0;0;0;597;32
1;1146.254;636.8076;37;58;0;1;1;0;0.08537972;-0.1265193;-0.4323614;0.3593062;0.04695582;0;0;1;0;2;0;1;0;292;27
1;1305.405;725.2249;55;25;0;0;0;0;0.4435105;-0.161119;0.382122;0.9016606;0.4928482;1;1;0;0;1;0;1;1;510;8
1;785.425;436.3472;46;39;1;0;0;1;-0.9775958;0.3630989;-0.6922272;0.7024606;0.7922435;0;1;1;0;2;1;0;1;405;24
1;716.0723;397.8179;90;50;0;1;1;1;-0.1407601;-0.05980939;-0.4318531;0.186561;0.2541888;1;0;0;0;2;1;0;0;437;29
1;2069.89;1149.939;48;60;1;0;0;1;-0.09505856;-0.2546416;0.5448;0.7290947;0.9856292;1;1;0;1;2;0;0;0;1135;41
1;807.2776;448.4876;38;19;1;1;1;0;-0.8574893;-0.7725866;-0.6771267;0.2776849;0.3812768;1;0;0;0;1;1;1;1;605;8
1;1885.028;1047.238;64;20;0;0;0;0;-0.5518546;-0.719246;0.2948679;0.2283969;0.3372837;0;1;1;0;3;1;1;1;820;24
1;1871.949;1039.972;37;49;0;1;1;0;0.3323497;0.2975512;-0.6393005;0.4518662;0.3265527;0;0;0;1;2;1;0;1;1063;25
1;551.8969;306.6094;31;53;1;1;0;0;-0.5869308;-0.2071906;0.08233821;0.9401793;0.742484;1;1;0;0;2;1;1;0;843;12
1;1352.729;751.5162;89;29;1;0;1;1;0.5012491;0.3594723;-0.1658176;0.8641484;0.6715128;1;0;1;0;3;1;0;1;511;39
1;1030.609;572.5605;91;22;1;1;1;1;0.856869;0.07468194;0.516775;0.1766911;0.4267353;0;1;1;0;3;0;0;0;941;60
1;1248.702;693.7235;32;20;0;1;0;1;-0.07923138;0.7915197;0.7873505;0.3844072;0.5114644;0;0;1;1;3;0;0;0;320;13
1;315.598;175.3322;92;57;1;0;1;1;-0.6939805;-0.2017447;0.6013208;0.7847221;0.6197644;1;0;1;0;1;1;1;0;517;14
1;628.4555;349.1419;65;43;1;0;1;0;0.3845169;0.3914722;0.3214069;0.8863361;0.894918;1;1;1;1;1;0;0;0;750;27
1;1944.645;1080.358;66;57;0;1;1;1;0.551461;-0.7880731;-0.7155537;0.2325498;0.3957706;1;1;1;1;2;0;1;1;557;42
1;2056.47;1142.483;33;20;1;1;0;1;-0.4877666;-0.7824078;-0.7405369;0.8059019;0.9759512;0;0;0;0;2;0;1;1;356;33
1;2138.417;1188.009;76;25;1;0;0;1;-0.4373409;0.4180567;-0.1928172;0.5101584;0.6344491;1;0;0;1;1;1;1;1;888;29
1;1265.989;703.3272;82;57;0;1;0;0;0.05591238;0.4865938;-0.509304;0.4590148;0.4113544;1;0;0;1;3;0;0;1;550;21
1;1698.465;943.5919;99;39;1;0;1;0;-0.5565779;0.09675872;0.6765575;0.1179954;0.3075048;0;0;0;1;2;1;0;0;703;35
1;693.121;385.0672;31;34;0;0;1;1;-0.2078434;0.7146583;0.1343789;0.2239429;0.6184948;0;0;0;1;2;1;0;0;318;18
1;2144.115;1191.175;85;53;0;0;1;0;-0.2856013;-0.5380716;-0.361865;0.8101854;0.3073055;0;0;1;1;3;0;1;1;500;31
1;549.855;305.475;96;54;0;0;0;1;-0.3265389;0.7099077;0.7633913;0.4657349;0.05106425;0;0;0;1;2;0;0;1;388;24
1;673.7735;374.3186;65;60;0;1;0;1;0.9331472;0.1495639;0.3480408;0.7972414;0.8703858;1;0;0;1;2;1;0;1;499;23
1;1726.48;959.1556;85;44;0;0;1;0;0.639811;0.1522393;0.2987434;0.970347;0.07786167;1;1;0;0;2;0;1;1;702;36
1;1100.791;611.5506;86;52;0;1;0;1;-0.1110705;0.6166399;0.3719681;0.8073331;0.7070169;0;1;0;0;2;0;0;0;394;17
1;447.9143;248.8413;84;25;0;0;0;0;-0.8720999;0.3815252;-0.612348;0.3320716;0.1014189;1;0;0;0;3;1;1;0;409;10
1;746.3284;414.6269;50;35;0;0;1;1;0.6877675;-0.113874;-0.2580445;0.5881215;0.1884559;1;0;0;1;1;1;1;1;752;21
1;795.1165;441.7314;89;39;0;0;1;1;0.292386;-0.02491313;0.4030614;0.8413709;0.6126725;0;0;0;0;2;0;0;1;622;23
2;1749.426;971.9034;33;37;0;1;1;0;0.5119798;-0.1008084;0.3477453;0.1668525;0.2728686;1;0;1;1;2;0;1;0;976;42
2;1580.629;878.1272;81;24;1;1;1;0;0.6292431;0.183962;0.1868369;0.7840593;0.1364545;0;0;0;1;2;0;1;0;647;37
2;1399.084;777.2687;52;17;1;0;0;0;-0.819916;0.3314251;0.1384007;0.2130311;0.6955032;0;1;1;0;2;1;1;0;630;20
2;1849.171;1027.317;90;50;0;0;0;0;-0.3451966;0.03275406;-0.01431358;0.6860492;0.743734;0;0;0;1;3;1;0;0;662;39
2;963.7924;535.4402;55;36;0;0;0;1;-0.0298003;-0.7129799;-0.4164967;0.9520441;0.02197969;1;0;0;0;2;0;1;0;445;30
2;443.8633;246.5907;80;43;1;1;1;1;-0.9616365;0.4942045;-0.4649725;0.9389291;0.3674931;1;1;1;0;1;1;0;0;834;15
2;2129.084;1182.824;57;30;1;0;1;1;-0.1538769;0.6620325;-0.2218745;0.6775886;0.4539369;1;1;0;1;2;0;0;1;998;78
2;808.2769;449.0427;99;55;1;1;0;1;-0.382918;-0.00037545;0.02659732;0.2688646;0.9255934;0;0;1;1;2;1;1;1;855;29
2;1231.8;684.3334;33;51;1;1;0;0;-0.6994228;-0.502841;0.5179785;0.02402163;0.855691;0;0;1;1;1;1;0;1;567;28
2;257.4903;143.0502;85;40;1;0;0;1;0.03742087;0.7844148;0.2412724;0.848363;0.8930013;1;1;0;1;1;1;0;0;374;7
2;2000.024;1111.124;76;57;1;0;0;0;-0.5795529;0.558387;0.2675001;0.7596416;0.553646;1;1;0;1;3;0;0;0;605;30
2;719.3431;399.635;34;44;0;1;1;0;-0.1230079;0.7383011;-0.1571988;0.12764;0.8926007;1;1;0;0;2;1;1;1;452;36
2;1628.236;904.5756;80;30;0;1;0;1;0.9319799;-0.7322611;0.6185727;0.7913946;0.06105924;0;1;1;0;3;1;1;1;411;35
2;648.9302;360.5168;97;48;1;0;1;1;-0.2482406;0.1869968;-0.2280664;0.797309;0.8384424;1;0;1;0;3;0;1;1;936;39
2;1723.758;957.6434;34;53;0;1;0;1;0.9137616;-0.7267528;-0.3729385;0.3685325;0.8239902;1;0;1;1;1;1;1;1;652;27
2;980.1208;544.5115;71;35;0;1;0;1;-0.842571;-0.7344123;0.7089376;0.8855551;0.5067498;1;0;0;0;3;0;0;1;461;29
2;1857.323;1031.846;83;39;0;0;0;1;-0.325755;-0.4117313;-0.5983776;0.5515767;0.09466326;1;1;0;1;1;0;0;1;1184;29
2;1771.729;984.294;87;27;1;0;1;1;0.02549303;-0.5612652;0.5343021;0.1618712;0.8257565;1;1;0;1;3;1;0;1;721;88
2;2028.116;1126.731;52;46;1;0;0;1;0.2823736;0.7716638;-0.6431927;0.6526148;0.2351978;0;1;0;0;3;0;0;1;440;61
2;2000.742;1111.523;70;16;0;0;1;0;0.6095998;-0.5579447;0.4468666;0.0651406;0.01002645;0;1;1;0;3;1;0;1;622;37
2;1528.458;849.1434;78;28;1;1;0;0;-0.3190628;-0.4214733;0.3855348;0.9084408;0.6252315;1;0;0;1;3;1;0;0;648;32
2;303.7061;168.7256;90;49;0;1;1;1;0.7005856;-0.3169174;-0.5853111;0.1286178;0.9942851;1;0;1;0;2;1;1;1;759;37
2;2032.661;1129.256;31;21;1;1;1;0;-0.9784412;-0.3681594;0.07227677;0.6203815;0.6586417;0;1;0;1;3;1;0;1;404;30
2;2113.634;1174.241;89;60;0;1;1;0;0.9031484;0.6950936;-0.0798232;0.9648284;0.807204;1;0;1;1;2;0;1;0;630;32
2;971.9078;539.9488;85;52;1;0;0;0;0.4795012;0.7601114;-0.3185315;0.8546597;0.821588;1;1;0;0;2;0;1;1;590;18
2;542.1892;301.2162;59;54;1;0;1;1;-0.2708203;-0.2661443;0.1122987;0.8469007;0.2633119;0;0;0;0;2;0;0;1;525;25
2;488.6462;271.4701;42;43;1;0;1;1;0.109023;0.1150967;-0.179251;0.4241831;0.792846;0;1;1;1;1;0;1;1;560;23
2;1278.501;710.2783;52;34;0;1;0;0;0.2693233;0.3982719;0.342329;0.4442592;0.077896;1;1;0;1;1;0;0;1;369;19
2;681.5455;378.6364;74;26;0;1;1;1;0.1850623;0.4581445;0.5406656;0.771552;0.277077;0;1;1;0;1;1;0;0;448;10
2;479.8833;266.6018;81;45;1;0;0;1;-0.7016191;0.7709762;-0.6351501;0.472563;0.1003958;0;1;0;0;1;0;0;1;347;15
2;343.0811;190.6006;53;44;1;1;1;0;-0.2177397;-0.2583224;-0.6278663;0.6799098;0.0491848;1;0;0;0;3;1;0;1;616;21
2;717.1202;398.4001;44;32;0;1;1;0;-0.7589896;0.4568998;-0.1978582;0.1353636;0.9563407;0;1;1;1;3;1;1;1;354;25
2;1237.653;687.5848;92;44;1;1;0;1;0.7136075;0.2275783;-0.3571056;0.4345017;0.9677855;0;1;1;0;2;1;1;0;635;33
